Monitor_ID,Latitude,Longitude,State,Location_type,Observed_NO2_ppb,Predicted_NO2_ppb,WRF+DOMINO,800m_Impervious_%,Elevation_truncated_km,800m_MajorRoads_km,100m_MinorRoads_km,Distance_to_coast_km
04-013-0019-42602-1,33.48385,-112.14257,Arizona,Suburban,23.88470616,20.98664327,11.61522293,58.9488,0.304,1.35858,0.61637,313
04-013-3002-42602-6,33.45793,-112.04601,Arizona,Urban And Center City,25.08988632,20.99009612,11.47267723,71.4093,0.304,1.55566,0.26126,323.8
04-013-3003-42602-1,33.47968,-111.91721,Arizona,Suburban,19.28196884,18.08815328,8.990371704,53.548,0.304,1.59508,0.3946,308.4
04-013-3010-42602-1,33.46093,-112.11748,Arizona,Suburban,30.64513806,20.35800937,11.91926765,63.176,0.304,2.42445,0.07244,309
04-013-4011-42602-1,33.37005,-112.6207,Arizona,Rural,11.07041217,8.549621906,2.141365767,7.7453,0.293,3.18936,0,269.5
04-013-9997-42602-1,33.503731,-112.095809,Arizona,Urban And Center City,22.3935655,20.94285617,11.73189163,65.7354,0.304,2.13618,0.28342,314.7
04-019-1011-42602-1,32.204411,-110.878667,Arizona,Suburban,15.74985537,13.39449629,2.031461954,52.9809,0.304,3.25595,0.33082,275.1
04-019-1028-42602-1,32.29515,-110.9823,Arizona,Urban And Center City,14.7733132,12.24510942,2.130546808,45.8764,0.304,4.29178,0,271.6
04-027-0006-42602-1,32.677855,-114.475861,Arizona,Rural,10.412472,5.909957679,0.026117869,18.0552,0.063,0,0.47504,112.4
05-035-0005-42602-1,35.197288,-90.193141,Arkansas,Rural,11.91589214,8.151799493,3.711561203,23.3081,0.065,0,0.37524,629.7
05-119-0007-42602-1,34.756189,-92.281296,Arkansas,Urban And Center City,11.86180267,10.00142346,2.811314344,44.1616,0.07,4.7853,0.09172,619.7
06-001-0007-42602-1,37.6875,-121.7842,California,Urban And Center City,14.14724958,11.60854145,5.31101799,42.6377,0.138,0,0.08095,41.4
06-001-1001-42602-1,37.5358,-121.9619,California,Suburban,15.25191118,12.97865618,7.423306942,44.4652,0.018,1.58525,0.26271,16.3
06-007-0002-42602-1,39.7575,-121.842222,California,Suburban,9.294462385,7.969050346,0.260947824,47.0538,0.061,1.27212,0.18267,215.5
06-013-0002-42602-1,37.936,-122.0262,California,Suburban,10.80107784,12.22885493,6.422275066,42.4336,0.06,3.02041,0,30.2
06-013-1002-42602-1,38.010556,-121.641389,California,Rural,7.859504132,6.898745288,4.341747761,7.3682,0.001,0,0.27325,68.9
06-013-1004-42602-1,37.96028,-122.35667,California,Urban And Center City,12.67054969,11.34835986,6.074880123,40.5081,0.014,1.81731,0.13387,3.3
06-013-3001-42602-1,38.029167,-121.902222,California,Urban And Center City,10.89631503,9.927935568,5.903028488,32.4327,0.003,1.59788,0,39.6
06-019-0007-42602-1,36.705556,-119.741389,California,Suburban,17.15907681,12.05767267,6.701395512,33.6035,0.081,2.84652,0.14679,215.4
06-019-0008-42602-1,36.781389,-119.772222,California,Suburban,17.10553801,12.97020124,6.15611124,49.0522,0.091,2.08976,0.187,220.2
06-019-0242-42602-1,36.841389,-119.874444,California,Suburban,11.35248994,9.720843328,4.807309151,20.333,0.091,1.08038,0.35225,213
06-019-4001-42602-1,36.5975,-119.503611,California,Unknown,11.45081761,6.821982049,4.210730553,6.0858,0.098,0,0,221.6
06-019-5001-42602-1,36.819167,-119.716389,California,Urban And Center City,14.40787229,11.70545302,5.518331051,36.8288,0.097,2.74891,0.17923,228.2
06-025-0005-42602-1,32.676111,-115.483333,California,Suburban,13.92112267,6.853865579,1.116372705,31.4555,0.003,1.38168,0.21519,115.4
06-025-0006-42602-1,32.677778,-115.389722,California,Rural,11.96433354,4.388442848,1.041674614,6.275,0.011,2.19517,0,110.7
06-025-1003-42602-1,32.791667,-115.561667,California,Urban And Center City,10.91934612,8.601214633,0.892094851,46.6071,0,1.58274,0.43127,132.9
06-029-0007-42602-1,35.346111,-118.851111,California,Rural,10.58462836,9.489489707,5.432118416,9.186,0.193,0,0.13657,147.7
06-029-0010-42602-1,35.385556,-119.014722,California,Urban And Center City,20.76730166,16.46513432,8.137241364,52.252,0.135,5.33388,0.27009,144.3
06-029-0014-42602-1,35.356111,-119.040278,California,Urban And Center City,17.46871969,14.93371375,8.453462601,47.4235,0.118,1.50754,0.26957,139.6
06-029-5001-42602-1,35.208333,-118.784444,California,Rural,8.453054229,7.100304005,3.263923407,4.3028,0.146,1.58009,0,135.8
06-029-6001-42602-1,35.503611,-119.271667,California,Suburban,18.81945789,10.21546845,2.935725212,32.5615,0.108,2.74452,0.36405,150.6
06-031-1004-42602-1,36.314444,-119.643611,California,Suburban,11.60636496,7.29529771,3.494604588,21.9878,0.061,0,0,183.5
06-037-0002-42602-2,34.1365,-117.92391,California,Suburban,25.80255084,22.6963335,19.72451782,35.4272,0.19,1.40246,0.202,55.7
06-037-0016-42602-1,34.14435,-117.85036,California,Suburban,20.60501413,21.68791058,17.28802109,38.5005,0.279,1.52347,0.01275,60.4
06-037-0113-42602-1,34.05111,-118.45636,California,Urban And Center City,17.31577658,21.10513818,16.42559433,57.4326,0.093,3.0381,0,6.5
06-037-1002-42602-2,34.17605,-118.31712,California,Urban And Center City,27.42286947,25.21337481,18.34823227,62.2159,0.171,6.0405,0.20047,29.5
06-037-1103-42602-1,34.06659,-118.22688,California,Urban And Center City,28.82287868,28.96365458,25.3813343,67.4153,0.108,4.42387,0,28.4
06-037-1201-42602-2,34.19925,-118.53276,California,Suburban,17.84411058,21.22217552,12.49523258,53.1292,0.227,6.18867,0.31364,20.7
06-037-1301-42602-2,33.92899,-118.21071,California,Urban And Center City,30.56678394,31.92654507,31.4428997,57.44,0.023,3.15691,0.27273,22.3
06-037-1701-42602-2,34.06703,-117.7514,California,Suburban,30.67567892,26.01252477,20.18836021,53.2906,0.28,2.17692,0.28361,58.4
06-037-2005-42602-1,34.1326,-118.1272,California,Urban And Center City,24.53220217,24.01417034,22.16684914,34.1816,0.205,0.24027,0.14455,42.4
06-037-4002-42602-2,33.82376,-118.18921,California,Suburban,21.53500123,30.70386445,29.61586761,61.1762,0.042,2.89596,0.14037,8
06-037-5005-42602-1,33.9508,-118.43043,California,Suburban,15.45743501,20.0682305,20.04979515,32.0024,0.036,0.23283,0,1.5
06-037-6012-42602-1,34.38344,-118.5284,California,Suburban,18.39931989,14.10636753,7.068865299,29.2893,0.304,1.55373,0.10285,45.2
06-037-9033-42602-1,34.671389,-118.130556,California,Urban And Center City,14.86528051,11.3515673,2.72698307,26.2148,0.304,2.19777,0.27809,95.8
06-039-0004-42602-1,36.866667,-120.01,California,Rural,10.74488075,6.80648332,3.566958427,5.1601,0.08,0,0.24755,198.2
06-041-0001-42602-1,37.9725,-122.518611,California,Urban And Center City,14.25945225,11.77825949,2.451214552,51.2172,0.049,4.90277,0.41681,2.8
06-045-0008-42602-1,39.15,-123.199722,California,Suburban,8.029182879,7.433839126,-1.027915239,25.9315,0.182,1.9306,0.34766,56
06-045-0009-42602-1,39.403056,-123.349167,California,Suburban,9.047793668,8.163318691,-1.429222226,32.2645,0.304,2.26297,0,49.7
06-047-0003-42602-1,37.281667,-120.433611,California,Rural,9.745279571,6.606688132,3.459567308,7.7317,0.058,0,0.19902,164.2
06-053-1003-42602-1,36.69683,-121.636167,California,Urban And Center City,7.193310794,7.560229857,1.327353001,33.4523,0.02,3.65409,0,17.8
06-055-0003-42602-1,38.310833,-122.294722,California,Urban And Center City,11.03454459,7.398948303,1.330613971,36.2206,0.014,0,0.27819,24.6
06-059-0007-42602-5,33.83062,-117.93845,California,Suburban,19.66734903,25.88559635,22.94032288,57.506,0.034,4.52351,0.10798,21.4
06-059-1003-42602-1,33.67464,-117.92568,California,Suburban,14.56364301,17.66553307,13.36193657,43.1806,0.001,3.22141,0.33431,6.9
06-059-5001-42602-2,33.92513,-117.95264,California,Suburban,22.37897043,27.20022043,26.00337029,50.2253,0.121,0,0.16115,29.3
06-061-0006-42602-1,38.745833,-121.265278,California,Suburban,13.37494028,11.45264871,4.172975063,51.1182,0.054,4.01665,0,145.6
06-065-0012-42602-1,33.92086,-116.85841,California,Suburban,16.09895641,11.43250039,4.778488159,20.6683,0.304,0,0.19195,105.9
06-065-5001-42602-2,33.85275,-116.54101,California,Suburban,10.3356925,10.64713405,2.058131456,45.1375,0.171,0,0.39952,126.7
06-065-8001-42602-2,33.99958,-117.41601,California,Suburban,19.85100527,20.65198105,18.29283714,29.2208,0.238,0,0,73.3
06-065-9001-42602-1,33.67649,-117.33098,California,Suburban,15.10976675,13.9598942,6.339572906,31.8531,0.304,0.72943,0.249,47.1
06-067-0006-42602-1,38.614167,-121.366944,California,Suburban,12.03586957,12.61178481,5.669497967,49.419,0.021,2.30476,0.38567,125.1
06-067-0010-42602-1,38.558333,-121.491944,California,Urban And Center City,16.09898143,13.6276632,5.784310818,57.5466,0.004,2.29757,0.53199,109.4
06-067-0011-42602-1,38.301944,-121.422222,California,Rural,9.370042796,5.738085878,3.941122293,4.4913,0.005,0,0.04777,98.9
06-067-0012-42602-1,38.683889,-121.162778,California,Suburban,7.79369662,9.057912912,3.275244236,36.6828,0.079,1.41379,0,149.6
06-071-0001-42602-1,34.895,-117.023611,California,Urban And Center City,22.44200307,11.98844989,1.722938418,44.2153,0.304,1.2726,0.35693,195.6
06-071-0306-42602-1,34.51,-117.330556,California,Suburban,19.71974907,13.5209144,4.411840439,43.3187,0.304,1.39938,0.2025,134.1
06-071-1004-42602-2,34.10374,-117.62914,California,Urban And Center City,31.01570205,23.46057428,17.47647858,42.9079,0.304,3.68067,0.13345,71
06-071-1234-42602-1,35.763889,-117.396111,California,Rural,4.511455934,5.544373552,-0.56050688,5.1801,0.304,0,0,264.7
06-071-2002-42602-1,34.10002,-117.49201,California,Suburban,26.97179518,23.14760994,17.90239716,35.032,0.304,4.13495,0.10643,79.9
06-071-9004-42602-1,34.10688,-117.27411,California,Suburban,25.23866667,20.38411714,15.52221298,31.1756,0.304,1.24085,0.16838,94.6
06-073-0001-42602-1,32.631231,-117.059075,California,Suburban,16.98636866,13.2021995,8.643381119,42.8045,0.042,0,0.15423,8.4
06-073-0003-42602-1,32.791194,-116.942092,California,Suburban,17.72053525,14.0729628,7.147267818,41.2384,0.173,0,0.38558,29.6
06-073-0006-42602-1,32.836461,-117.128722,California,Suburban,17.04015816,13.24983044,8.454850197,32.4255,0.124,1.97605,0,14
06-073-1002-42602-1,33.127711,-117.075325,California,Urban And Center City,16.52539895,14.21031151,4.283555508,52.3689,0.236,2.13815,0.34965,26.7
06-073-1006-42602-1,32.842297,-116.768325,California,Suburban,9.880660435,10.54180902,3.3265903,18.1488,0.304,0,0.2996,49.8
06-073-1008-42602-1,33.217025,-117.396158,California,Suburban,11.45816977,5.621732608,3.604022741,0,0.011,0,0.16422,0.8
06-073-1010-42602-1,32.701492,-117.149653,California,Urban And Center City,20.59637216,13.21750874,9.63952446,24.5639,0.02,1.55771,0.37295,4.1
06-073-2007-42602-1,32.552164,-116.937772,California,Rural,23.65582622,11.58283647,7.156835079,13.2621,0.16,1.06977,0.27762,20.7
06-075-0005-42602-1,37.766,-122.3991,California,Urban And Center City,15.98501873,16.14313686,7.407028198,75.7719,0.035,0,0.54092,1.9
06-077-1002-42602-2,37.950833,-121.2675,California,Urban And Center City,18.32837967,13.68269148,6.651043892,62.3759,0.006,1.07992,0.30715,107
06-077-3005-42602-1,37.6825,-121.44056,California,Suburban,10.25427014,7.485767698,4.3268466,16.2762,0.057,0,0,77.7
06-079-2006-42602-1,35.256606,-120.668889,California,Urban And Center City,6.023316062,5.658374439,-0.106261104,25.427,0.04,0,0.24622,11.4
06-079-3001-42602-1,35.365684,-120.842856,California,Urban And Center City,4.498728967,5.297912466,-0.455501199,0.7307,0.029,2.67972,0.70374,2.7
06-079-4002-42602-1,35.031531,-120.500928,California,Rural,3.623874422,5.108265684,0.061339952,16.132,0.114,0,0,14.6
06-079-8001-42602-1,35.491389,-120.668056,California,Suburban,8.496602766,9.355674064,-0.354883075,33.9098,0.3,1.32672,0.20511,25
06-081-1001-42602-1,37.4829,-122.2034,California,Suburban,14.21402791,12.34349229,5.679274559,54.7647,0.021,0,0.3251,3.3
06-083-0008-42602-1,34.46245,-120.02551,California,Rural,6.017639241,3.011750676,0.788179874,0.0179,0,0,0,0
06-083-1013-42602-1,34.725556,-120.427778,California,Rural,1.269407497,5.577410879,-0.123014241,4.1433,0.261,0,0,20
06-083-1014-42602-1,34.54166,-119.79146,California,Rural,1.447832873,6.302123808,0.705817521,0,0.304,0,0,16.1
06-083-1018-42602-1,34.52744,-120.1965,California,Rural,6.294415617,5.583312462,-0.10057123,2.1645,0.274,0,0,7.7
06-083-1021-42602-1,34.402778,-119.4575,California,Rural,3.797861883,5.806584083,1.500783443,3.8259,0.177,0,0,3.9
06-083-1025-42602-1,34.48974,-120.04692,California,Rural,2.524496726,4.940728353,0.488476366,1.8316,0.125,0,0.21532,3.1
06-083-2004-42602-1,34.63782,-120.4575,California,Urban And Center City,5.430043647,9.28402879,-0.17136243,40.6375,0.059,4.42708,0.53835,15.6
06-083-2011-42602-1,34.44551,-119.8284,California,Suburban,8.297601744,10.8922506,3.815341234,41.3988,0.026,3.76428,0.26487,3.8
06-083-4003-42602-1,34.596111,-120.630278,California,Rural,0.909921989,2.904730728,-0.624549031,0.0479,0.082,0,0,1.5
06-085-0005-42602-1,37.3485,-121.895,California,Urban And Center City,18.28047199,15.96021231,9.426391602,56.7194,0.023,1.44435,0.44069,33.1
06-087-0003-42602-1,37.011944,-122.193333,California,Rural,3.86734573,5.213044564,0.512131393,0,0.028,1.56282,0.57218,0
06-095-0004-42602-1,38.1027,-122.2382,California,Urban And Center City,11.55179525,9.599954514,4.80420208,18.9681,0.005,3.10306,0.38594,4.8
06-097-0003-42602-1,38.4435,-122.71,California,Urban And Center City,11.37606326,9.421444933,0.540007293,52.2544,0.052,2.87129,0.25932,37.8
06-099-0006-42602-1,37.488333,-120.835833,California,Suburban,12.70134269,11.08498555,5.254722118,42.3345,0.034,1.03515,0.25524,137.6
06-101-0003-42602-1,39.138889,-121.6175,California,Suburban,11.53448276,10.23746411,2.250380993,48.041,0.017,3.12513,0.40106,163.6
06-107-2002-42602-1,36.332222,-119.290278,California,Urban And Center City,14.39159399,12.81270118,3.978782177,47.3393,0.091,4.1842,0.51049,215.7
06-111-2002-42602-1,34.2775,-118.684722,California,Suburban,13.12806804,13.51362573,6.640500546,34.7277,0.304,0,0,32.2
06-111-3001-42602-1,34.255,-119.1425,California,Rural,9.836465026,7.762450806,4.72846508,16.4292,0.033,0.5449,0,12.9
06-113-0004-42602-1,38.533333,-121.775,California,Rural,8.795715653,4.993113943,2.367800713,8.8504,0.017,0,0,83.4
08-001-3001-42602-1,39.838119,-104.94984,Colorado,Rural,19.03878788,13.87611407,10.08619022,23.8955,0.304,0,0.17224,1485.1
08-031-0002-42602-1,39.751184,-104.987625,Colorado,Urban And Center City,29.37886598,20.68896263,11.38669872,74.8559,0.304,2.95906,0.39209,1472.4
08-067-1004-42602-1,37.30389,-107.484167,Colorado,Rural,2.584672583,4.410932072,-0.295015842,0,0.304,0,0,1028
08-067-7001-42602-1,37.136667,-107.627778,Colorado,Rural,1.047890271,6.326633115,1.037901402,3.6476,0.304,0.6255,0.14974,999.9
08-067-7003-42602-1,37.102222,-107.869444,Colorado,Rural,1.448507008,6.88168638,1.627251863,6.723,0.304,1.5092,0,979.9
09-001-9003-42602-1,41.118333,-73.336667,Connecticut,Rural,14.345385,12.24088915,10.62391281,24.8626,0.003,0,0,0
09-003-1003-42602-1,41.784722,-72.631667,Connecticut,Suburban,12.61856662,10.51003058,5.571111202,33.1717,0.018,2.1392,0.16584,75.2
09-009-0027-42602-1,41.301111,-72.902778,Connecticut,Urban And Center City,19.59683888,13.35345231,8.208803177,46.6373,0.004,2.34727,0.09597,0
10-003-2004-42602-1,39.739444,-75.558056,Delaware,Urban And Center City,17.79710336,17.77485184,9.475708961,66.7358,0.023,8.48467,0.00133,10.2
11-001-0025-42602-1,38.975278,-77.022778,District of Columbia,Urban And Center City,16.66455477,17.20524493,11.16746044,53.8762,0.091,1.48331,0.2578,46
11-001-0041-42602-1,38.897222,-76.952778,District of Columbia,Urban And Center City,15.94040648,15.76255013,11.76291752,47.4955,0.012,0,0.25477,39.5
11-001-0043-42602-1,38.918889,-77.0125,District of Columbia,Urban And Center City,19.03829738,20.52751323,11.83465862,86.0909,0.037,2.75437,0.36658,43.9
12-011-0031-42602-1,26.272,-80.295,Florida,Suburban,7.776448288,6.441805234,2.283491135,20.2635,0.003,2.04791,0,23.2
12-011-8002-42602-1,26.087,-80.111,Florida,Suburban,7.839675828,8.086072111,4.298026085,22.6128,0.001,0,0.2167,0
12-031-0032-42602-2,30.356111,-81.635556,Florida,Suburban,11.57902548,12.513986,5.229990005,52.2433,0.003,2.79015,0.35512,24.7
12-033-0004-42602-1,30.525,-87.204167,Florida,Suburban,5.062962528,7.579149948,1.75683248,28.727,0.038,0.86471,0.26294,2.1
12-057-0081-42602-1,27.739722,-82.465278,Florida,Unknown,5.454322143,6.575898439,4.646080971,0,0.001,0,0.27575,0.8
12-057-1065-42602-1,27.892222,-82.538611,Florida,Suburban,7.615988003,6.738248531,5.43983078,0,0,1.25014,0,0
12-057-3002-42602-1,27.96565,-82.2304,Florida,Rural,6.863217331,5.727186698,3.153028488,8.1314,0.031,0,0,18.6
12-081-4012-42602-1,27.480556,-82.618889,Florida,Urban And Center City,4.462982153,7.493870919,2.055173159,37.7252,0.006,0,0.10436,3.1
12-086-0027-42602-1,25.733,-80.162,Florida,Suburban,5.788214905,4.633810228,2.601523161,0,0.001,1.01108,0,0
12-086-4002-42602-2,25.798333,-80.210278,Florida,Urban And Center City,12.53408019,14.03380268,4.733258724,79.7868,0.002,1.44188,0.32883,2.3
12-095-2002-42602-1,28.599444,-81.363056,Florida,Urban And Center City,8.489995292,10.19287775,3.694807053,46.7822,0.027,2.00135,0.09946,72.3
12-099-1004-42602-1,26.693056,-80.099444,Florida,Suburban,9.634348384,10.56935622,2.650057077,59.1124,0.006,0,0.39809,6.9
12-103-0018-42602-1,27.785556,-82.74,Florida,Suburban,8.340155258,8.962439813,3.835740805,39.6022,0.005,0,0.11698,0.9
12-115-1006-42602-1,27.350278,-82.48,Florida,Suburban,4.756592525,6.107541831,1.55972302,29.154,0.006,0,0,7.2
13-089-0002-42602-1,33.68808,-84.29018,Georgia,Suburban,15.4617445,12.35215298,8.553645134,17.9503,0.244,0,0,415.9
13-089-3001-42602-1,33.845822,-84.213358,Georgia,Rural,12.64716614,14.41651166,8.080996513,28.788,0.304,0.84227,0.19871,416.9
13-121-0048-42602-1,33.77933,-84.39576,Georgia,Urban And Center City,17.88023357,19.99556166,9.418047905,82.6405,0.274,3.45807,0.05112,431.7
13-223-0003-42602-1,33.92855,-85.04548,Georgia,Rural,3.413973148,7.218208939,2.370840788,2.8184,0.304,0,0,467.6
13-247-0001-42602-1,33.591077,-84.065294,Georgia,Rural,5.651779141,8.423675177,5.298448563,3.9048,0.206,0,0,388
16-055-0003-42602-1,47.788908,-116.804539,Idaho,Rural,6.464060829,5.56106457,-0.091613017,5.7024,0.304,0,0,580.4
17-031-0063-42602-1,41.876969,-87.63433,Illinois,Urban And Center City,30.62183976,25.88586317,15.67471695,95.7315,0.178,11.43823,0,1248.9
17-031-0076-42602-1,41.7514,-87.713488,Illinois,Suburban,17.84734055,19.99365356,14.98063946,62.1842,0.188,1.50535,0.13275,1249.6
17-031-3103-42602-1,41.965193,-87.876265,Illinois,Suburban,27.53123549,18.63066884,13.29712009,52.7744,0.196,3.16355,0.16504,1278.6
17-031-4002-42602-1,41.855243,-87.75247,Illinois,Suburban,21.84903924,22.61287823,15.38146973,72.3577,0.185,3.63588,0.43769,1259.7
17-031-4201-42602-2,42.139996,-87.799227,Illinois,Suburban,16.38196182,13.7326601,9.538454056,29.9093,0.196,1.48293,0.17813,1080.5
17-163-0010-42602-2,38.612034,-90.160477,Illinois,Suburban,15.04553915,14.3195252,8.071557045,52.8105,0.124,0,0.51111,1080.5
18-063-0001-42602-1,39.876944,-86.473889,Indiana,Rural,10.59511964,8.306840535,4.054343224,9.953,0.293,0,0.01815,1038.2
18-063-0002-42602-1,39.863367,-86.470539,Indiana,Suburban,6.916225962,8.745877226,4.147826195,7.3026,0.296,1.57105,0.04869,1037.8
18-063-0003-42602-1,39.880871,-86.54193,Indiana,Suburban,5.406060606,9.154887729,3.608302116,13.1883,0.291,3.20992,0,1045.9
18-089-0022-42602-1,41.606667,-87.304722,Indiana,Urban And Center City,16.15532426,14.77718736,12.49560452,32.216,0.179,0,0,1199.8
18-097-0073-42602-1,39.789486,-86.06085,Indiana,Urban And Center City,14.52033097,14.13209815,7.033399582,47.7637,0.259,1.40306,0.1439,990.7
18-163-0012-42602-1,38.021667,-87.569444,Indiana,Urban And Center City,8.977041994,9.51562767,3.74253726,39.0055,0.122,0,0.29291,971.2
19-153-0058-42602-1,41.607778,-93.571944,Iowa,Urban And Center City,9.893249608,10.35758354,2.168630123,53.9112,0.251,0,0.28727,1584.1
19-163-0015-42602-1,41.530011,-90.587611,Iowa,Urban And Center City,8.979156389,11.14288022,3.598248959,49.0418,0.213,0,0.46425,1504.1
20-107-0002-42602-1,38.135833,-94.731944,Kansas,Rural,2.929461843,5.559746769,1.423995495,0,0.254,0,0.19172,1093.4
20-173-0010-42602-3,37.701111,-97.313889,Kansas,Urban And Center City,9.813909102,12.89614374,2.452600956,61.1034,0.304,0,0.48813,1094.4
20-191-0002-42602-1,37.476944,-97.366389,Kansas,Rural,4.071773637,6.38844918,0.95885855,1.0834,0.304,0,0.36344,1065.8
20-209-0021-42602-1,39.1175,-94.635556,Kansas,Urban And Center City,14.97956372,14.6952253,6.448778629,61.8138,0.249,0.63669,0.28813,1229.8
21-019-0017-42602-1,38.459167,-82.640556,Kentucky,Suburban,9.656828623,11.72140159,6.263818741,31.5525,0.187,0,0.24554,591.5
21-029-0006-42602-1,37.985556,-85.713056,Kentucky,Urban And Center City,7.692307692,9.400234924,4.827177525,20.5324,0.124,2.85514,0.19836,923.9
21-059-0005-42602-1,37.780833,-87.075556,Kentucky,Suburban,6.023587286,7.954582644,3.673002005,18.3288,0.139,1.4879,0.14256,941.4
21-067-0012-42602-1,38.065,-84.5,Kentucky,Suburban,11.84184915,15.14329157,5.038892269,48.4119,0.298,4.718,0.40278,800.3
21-111-1021-42602-2,38.26355,-85.71025,Kentucky,Suburban,15.32688906,13.82270462,9.53121376,41.3037,0.152,1.1493,0.01652,933.5
21-145-1024-42602-1,37.058056,-88.5725,Kentucky,Suburban,9.262868821,8.623178247,2.871022463,26.007,0.097,3.03539,0.30784,837.7
21-227-0008-42602-1,37.036667,-86.250556,Kentucky,Rural,7.884721873,6.813517343,2.322559595,11.0084,0.183,2.37144,0,854.2
22-005-0004-42602-1,30.233889,-90.968333,Louisiana,Rural,9.797820098,8.157950813,5.680986881,15.0083,0.003,1.26365,0,60.4
22-019-0008-42602-1,30.261667,-93.284167,Louisiana,Rural,9.030674117,9.797480303,6.95076561,21.6874,0.004,1.60904,0,25.4
22-033-0003-42602-1,30.418889,-91.183333,Louisiana,Urban And Center City,13.88445302,13.48401967,9.522776604,39.7396,0.007,2.29903,0.04563,89.8
22-033-0009-42602-1,30.46198,-91.17922,Louisiana,Urban And Center City,15.32234345,14.13306947,9.171051979,48.4811,0.015,0.97142,0.21357,91.5
22-033-0013-42602-1,30.700278,-91.055833,Louisiana,Rural,4.395966429,4.529293293,1.633873701,1.9673,0.031,0,0.18057,95.8
22-033-1001-42602-1,30.587222,-91.206944,Louisiana,Rural,8.870538344,8.55090731,6.232931614,12.24,0.019,1.59759,0,101.3
22-047-0007-42602-1,30.4,-91.425,Louisiana,Rural,5.457903574,5.557353715,3.796601295,0,0.001,1.53897,0,83.9
22-047-0009-42602-1,30.220556,-91.316111,Louisiana,Rural,5.181914021,6.373011308,4.847108841,0.0267,0.001,1.65967,0,66.1
22-047-0012-42602-1,30.206985,-91.129948,Louisiana,Rural,7.980938235,8.08502636,7.423993111,3.751,0.006,0,0,75.5
22-051-1001-42602-1,30.043333,-90.275,Louisiana,Suburban,9.704636243,9.209649078,5.492789268,19.0475,0.001,0,0.41813,1.3
22-063-0002-42602-1,30.3125,-90.8125,Louisiana,Rural,3.771160247,5.600821281,2.847547531,4.6496,0.002,1.13769,0.14093,46.5
22-121-0001-42602-1,30.500643,-91.213556,Louisiana,Suburban,13.44524237,11.66342314,9.738703728,14.6472,0.01,3.17318,0,97
23-003-1100-42602-1,46.696431,-68.033006,Maine,Suburban,2.375740898,4.929353202,-1.35758245,17.7354,0.152,0,0.19824,252.6
23-005-0027-42602-1,43.661944,-70.265833,Maine,Urban And Center City,13.43926588,10.80464651,1.930526137,41.4873,0.002,4.07347,0.77102,0.4
24-023-0002-42602-1,39.70595,-79.012,Maryland,Rural,3.921828279,7.303381468,2.47184968,0,0.304,0,0,249.3
24-510-0040-42602-1,39.298056,-76.604722,Maryland,Urban And Center City,20.81147839,21.09376905,11.25038147,95.5277,0.011,1.30323,0.67282,3.1
25-009-2006-42602-1,42.474671,-70.971358,Massachusetts,Urban And Center City,9.723406833,12.72984619,7.632720947,42.9095,0.029,1.96889,0.07806,2.5
25-009-5005-42602-1,42.77077,-71.102259,Massachusetts,Suburban,8.572193815,8.301548716,4.146037579,25.7913,0.054,0.38116,0,32.2
25-013-0008-42602-1,42.19438,-72.555112,Massachusetts,Suburban,9.487219677,10.38636547,4.432513714,37.2858,0.062,0,0.36795,129.6
25-013-0016-42602-1,42.108581,-72.590614,Massachusetts,Urban And Center City,14.95259701,14.89277221,4.939744949,61.0308,0.037,11.25714,0,118.7
25-015-4002-42602-1,42.298279,-72.333904,Massachusetts,Rural,4.040860474,7.179464402,2.81313014,0,0.258,0,0,128
25-025-0002-42602-1,42.348873,-71.097163,Massachusetts,Urban And Center City,22.52909091,21.41443657,9.66750145,81.8722,0.003,15.4021,0.11695,6.5
25-025-0042-42602-1,42.3294,-71.0825,Massachusetts,Urban And Center City,18.65402672,19.5803008,9.846209526,63.9301,0.011,12.31555,0.26294,3.8
25-027-0023-42602-1,42.263877,-71.794186,Massachusetts,Urban And Center City,15.16337544,17.04931305,4.066405296,70.6006,0.149,12.66449,0.09127,81.8
26-081-0020-42602-1,42.984173,-85.671339,Michigan,Urban And Center City,14.22144522,12.34496108,4.246146202,61.8322,0.182,0.36656,0.26973,1134.5
26-163-0016-42602-1,42.357808,-83.096033,Michigan,Urban And Center City,15.87650046,18.82107684,11.68002129,65.8923,0.19,1.51526,0.27356,848.4
26-163-0019-42602-2,42.43084,-83.000138,Michigan,Suburban,14.00487862,16.88273865,10.74868584,57.4849,0.191,1.27123,0.10002,847.1
27-003-1002-42602-1,45.13768,-93.20772,Minnesota,Suburban,9.465859678,10.25085627,6.1768713,16.0693,0.28,0,0.32734,1758.9
27-037-0020-42602-1,44.76323,-93.03255,Minnesota,Rural,11.46372126,10.71873,4.424736023,21.3108,0.278,5.7514,0.1784,1778.9
27-037-0423-42602-1,44.77553,-93.06299,Minnesota,Rural,8.032345013,7.797109758,4.843144894,5.5089,0.263,0,0.19244,1780.2
29-047-0005-42602-1,39.30309,-94.376623,Missouri,Rural,6.881041326,8.08223799,3.280923605,8.976,0.274,1.30696,0.18709,1253
29-077-0036-42602-1,37.256136,-93.299886,Missouri,Suburban,10.36341743,9.025243863,1.534708977,37.7606,0.304,0,0,958.6
29-095-0034-42602-1,39.104758,-94.570796,Missouri,Urban And Center City,18.48072694,17.39719218,6.696279049,89.886,0.274,1.7139,0.11976,1227.1
29-183-1002-42602-1,38.872546,-90.226488,Missouri,Rural,8.402132344,7.719396004,5.14148283,5.9472,0.128,1.59173,0.16303,1118.3
29-186-0005-42602-1,37.90084,-90.42388,Missouri,Rural,3.335446897,5.32401928,0.889282703,0,0.255,0,0.19844,990.5
29-189-0004-42602-1,38.5325,-90.382778,Missouri,Suburban,11.38603625,12.81625455,6.992773533,38.4572,0.198,3.66301,0,1075.5
29-189-0014-42602-1,38.7109,-90.4759,Missouri,Rural,8.889413662,10.51208202,6.312878609,16.6273,0.139,0.96566,0.54892,1102.6
29-189-3001-42602-2,38.641438,-90.345936,Missouri,Suburban,15.33580041,13.22060952,8.403278351,49.3127,0.149,0,0.04853,1089.4
29-510-0086-42602-1,38.673221,-90.239166,Missouri,Urban And Center City,15.19404374,15.04172432,8.594419479,61.4279,0.154,1.50009,0.09877,1091.1
30-111-0086-42602-1,45.942631,-108.35096,Montana,Rural,3.772615132,3.504390775,-0.914956331,1.8328,0.304,0,0,1560.8
32-003-0022-42602-1,36.390775,-114.90681,Nevada,Rural,3.832825322,7.308377011,0.866087198,4.7448,0.304,1.56853,0.20226,501.3
32-003-0023-42602-1,36.80806,-114.06083,Nevada,Rural,5.144298123,7.717393139,-0.848070025,20.8073,0.304,1.3298,0.36813,606.4
32-003-0073-42602-1,36.173056,-115.331667,Nevada,Suburban,7.950434463,10.40017728,2.773029566,22.9526,0.304,0,0.40887,448.3
32-003-0539-42602-1,36.144444,-115.085556,Nevada,Suburban,18.88547072,15.93450933,6.199501991,56.8281,0.304,3.14899,0.14018,462.4
32-003-1019-42602-1,35.785634,-115.35706,Nevada,Rural,1.415398801,6.000189646,0.270984322,5.4167,0.304,0,0,405.4
32-003-2002-42602-1,36.191111,-115.122222,Nevada,Urban And Center City,20.54219054,14.99352063,5.509296894,61.0855,0.304,1.80758,0,465.2
33-011-0020-42602-1,43.000556,-71.468056,New Hampshire,Urban And Center City,10.12183055,11.3354745,2.88115859,58.2512,0.051,3.04391,0.15952,73.6
33-015-0014-42602-1,43.075278,-70.748056,New Hampshire,Urban And Center City,8.089451176,4.849351239,2.807286263,0,0.001,1.24284,0,2.6
34-003-0005-42602-1,40.89858,-74.0299,New Jersey,Suburban,18.72300689,18.58299508,15.22219658,47.1389,0.015,3.36043,0,17.2
34-007-0003-42602-2,39.923042,-75.097617,New Jersey,Suburban,17.52566663,18.73774906,14.09965897,53.935,0.002,3.10627,0.23131,58.9
34-013-1003-42602-1,40.7575,-74.200501,New Jersey,Urban And Center City,23.99531475,21.45351561,15.87187672,70.1187,0.046,1.37985,0.24849,15.7
34-017-0006-42602-1,40.67025,-74.126081,New Jersey,Urban And Center City,22.48561109,16.64524405,19.03380966,2.3051,0,1.01121,0,0.8
34-021-0005-42602-1,40.283092,-74.742644,New Jersey,Suburban,12.32035964,11.52421698,8.869927406,28.5553,0.03,0,0,58.9
34-023-0011-42602-1,40.462182,-74.429439,New Jersey,Rural,13.99599859,14.08503567,11.76017571,31.1544,0.011,1.38507,0,16.8
34-027-3001-42602-1,40.787628,-74.676301,New Jersey,Rural,8.502498751,12.13420961,6.473333359,15.2798,0.274,2.51519,0,61.8
34-039-0004-42602-2,40.64144,-74.208365,New Jersey,Suburban,29.69747292,20.86329433,17.70145416,64.43,0.004,0.52313,0,11
35-001-0023-42602-1,35.1343,-106.5852,New Mexico,Urban And Center City,15.48161227,13.57392724,3.238762617,60,0.304,2.88622,0.1665,889.6
35-001-0024-42602-1,35.0631,-106.578785,New Mexico,Suburban,12.814101,12.74153901,2.486118793,58.8574,0.304,2.69882,0.11617,884.6
35-013-0021-42602-1,31.796111,-106.583889,New Mexico,Suburban,9.609969998,9.36034464,2.374851704,14.4917,0.304,0.62558,0.41921,665.9
35-013-0022-42602-1,31.787778,-106.682778,New Mexico,Rural,4.397547148,5.973234509,0.992481828,0.1547,0.304,0.63814,0,657.7
35-015-1004-42602-1,32.855556,-104.411389,New Mexico,Urban And Center City,4.816744186,7.467783213,-0.882641792,28.4449,0.304,3.11686,0,933.9
35-015-1005-42602-1,32.38,-104.262222,New Mexico,Rural,3.258060748,4.53788703,-0.868490934,4.6535,0.304,0,0,904.2
35-025-0008-42602-1,32.726656,-103.122917,New Mexico,Suburban,7.54601801,10.14442301,0.115357079,45.7875,0.304,2.78761,0.18609,886.1
35-043-1003-42602-1,35.238056,-106.649444,New Mexico,Urban And Center City,9.683640177,8.775111194,1.617934942,31.9269,0.304,0.36234,0,892.2
35-045-0009-42602-1,36.742222,-107.976944,New Mexico,Rural,13.94407857,9.672975044,5.499313831,6.0456,0.304,1.53577,0,933.2
35-045-0018-42602-1,36.80973,-107.65158,New Mexico,Rural,10.57019645,7.250252842,2.750399113,0,0.304,0,0.20247,962.7
35-045-1005-42602-2,36.796667,-108.4725,New Mexico,Unknown,12.36047354,10.14840291,7.067169189,3.5033,0.304,0,0,906.9
36-005-0083-42602-1,40.86585,-73.88083,New York,Urban And Center City,24.82363316,23.32634644,19.08453369,66.7531,0.03,1.45961,0.24441,5.4
36-005-0110-42602-1,40.81618,-73.902,New York,Urban And Center City,26.45890892,25.47975178,21.60878563,79.3948,0.012,0,0.20811,0.8
36-029-0002-42602-1,42.99328,-78.77153,New York,Suburban,10.50952493,10.29340926,5.382247925,31.1486,0.181,0,0,590.7
36-029-0005-42602-3,42.876907,-78.809526,New York,Urban And Center City,15.5332937,12.61558921,5.453126431,46.4378,0.183,1.24112,0.1963,578
36-059-0005-42602-2,40.74316,-73.58549,New York,Suburban,18.3368984,21.2941338,17.49744415,61.449,0.03,2.3169,0,12.6
36-061-0056-42602-1,40.75912,-73.96661,New York,Urban And Center City,34.21898838,31.34682415,22.80778503,93.265,0.015,12.56765,0.1967,0
36-081-0124-42602-1,40.73614,-73.82153,New York,Suburban,23.45946602,24.13842104,22.25810432,59.1725,0.017,1.48039,0,3.8
36-103-0009-42602-2,40.82799,-73.05754,New York,Suburban,13.12587904,15.63070573,10.50276947,49.7204,0.043,3.05944,0,12.3
37-067-0022-42602-1,36.110556,-80.226667,North Carolina,Urban And Center City,10.2783534,14.61205848,4.390821457,64.6611,0.277,0,0.29703,353.9
37-119-0041-42602-1,35.2401,-80.785683,North Carolina,Urban And Center City,13.2915601,12.52432757,6.053673267,43.2412,0.215,0,0,296.4
38-013-0004-42602-1,48.64193,-102.4018,North Dakota,Rural,1.093028624,3.043481491,-1.105861664,0,0.304,0,0.06668,1868.2
38-015-0003-42602-1,46.825425,-100.76821,North Dakota,Suburban,6.804070944,10.0883129,0.711864412,59.63,0.304,2.02275,0.14933,2034.2
38-017-1004-42602-1,46.933754,-96.85535,North Dakota,Suburban,5.751212191,5.0337063,0.006411906,15.5569,0.272,0,0.14348,1866.4
38-025-0003-42602-1,47.3132,-102.5273,North Dakota,Rural,1.581852965,2.532286,-1.246105075,0,0.304,0,0,2060
38-053-0002-42602-1,47.5812,-103.2995,North Dakota,Rural,1.017187319,2.972367309,-1.448241472,0,0.304,0,0.19897,2039.6
38-057-0004-42602-1,47.298611,-101.766944,North Dakota,Rural,2.577070064,4.313587547,-0.330622017,3.3952,0.304,1.59206,0.10654,2018.3
38-057-0102-42602-1,47.325,-101.765833,North Dakota,Rural,2.690102948,3.274222927,-0.306504905,0.1501,0.304,0,0,2014.3
38-057-0124-42602-1,47.400619,-101.92865,North Dakota,Rural,1.93110623,4.54144494,-0.447306752,0,0.304,0,0.48847,2012.8
38-065-0002-42602-1,47.185833,-101.428056,North Dakota,Rural,1.925655805,3.618314777,-0.470274299,0,0.304,1.56782,0,2015.9
39-035-0060-42602-1,41.493955,-81.678542,Ohio,Urban And Center City,18.19902334,18.41236195,8.55154705,89.8952,0.198,2.32576,0,644.8
39-035-0070-42602-1,41.456941,-81.592226,Ohio,Urban And Center City,14.20279059,16.73954854,8.48880291,57.0839,0.273,0,0.36476,633.4
39-061-0040-42602-1,39.128611,-84.504167,Ohio,Urban And Center City,17.96067939,19.04510998,9.953789711,77.1053,0.213,1.28506,0.37119,804.8
40-021-9002-42602-1,35.85408,-94.985964,Oklahoma,Rural,7.178897362,6.743318192,0.426683277,11.7881,0.243,1.57432,0.25672,785
40-097-9014-42602-1,36.228408,-95.249943,Oklahoma,Rural,4.227620428,5.545751383,1.828489661,1.6609,0.198,0,0.14964,840.2
40-109-0033-42602-1,35.477036,-97.494309,Oklahoma,Urban And Center City,10.05208693,15.59785382,3.35227108,53.7313,0.304,12.27311,0,809.2
40-109-1037-42602-1,35.614131,-97.475083,Oklahoma,Suburban,7.520451843,8.965717684,2.67528224,15.1271,0.304,2.94342,0,826.3
40-143-1127-42602-1,36.204902,-95.976537,Oklahoma,Urban And Center City,11.05663468,8.900043173,3.649911165,30.8186,0.198,0,0,855.9
42-003-0008-42602-1,40.465556,-79.961111,Pennsylvania,Suburban,14.63595324,19.78297,10.22027683,61.5685,0.249,5.752,0.24561,400.8
42-003-0010-42602-1,40.445577,-80.016155,Pennsylvania,Urban And Center City,17.75307353,16.55220309,10.40528679,48.6599,0.216,1.79945,0,403.5
42-003-1005-42602-1,40.617222,-79.732222,Pennsylvania,Suburban,9.402536023,14.11548522,6.996488094,35.572,0.304,1.55096,0.07951,397.2
42-007-0014-42602-1,40.747796,-80.316442,Pennsylvania,Urban And Center City,15.02442478,13.29707599,6.424123764,29.2638,0.242,1.45086,0.40478,457.7
42-013-0801-42602-1,40.535278,-78.370833,Pennsylvania,Suburban,12.01360858,11.57997197,4.334649563,34.7096,0.304,0,0,267.7
42-017-0012-42602-1,40.107222,-74.882222,Pennsylvania,Suburban,15.22495796,15.65879881,11.60664845,46.0573,0.008,1.19071,0.20562,80.6
42-021-0011-42602-1,40.309722,-78.915,Pennsylvania,Urban And Center City,12.1906731,14.66784949,6.598720074,39.4763,0.304,3.56984,0,296.2
42-027-0100-42602-1,40.811389,-77.877028,Pennsylvania,Rural,8.161186108,10.36557426,3.817021847,22.5306,0.304,0,0.06739,263
42-043-0401-42602-1,40.245,-76.844722,Pennsylvania,Rural,13.48823188,12.13266147,7.513724804,36.1796,0.122,0,0,132.2
42-045-0002-42602-1,39.835556,-75.3725,Pennsylvania,Urban And Center City,15.6566228,14.78926229,12.71145821,23.1325,0.001,2.34791,0.18931,28.5
42-049-0003-42602-1,42.14175,-80.038611,Pennsylvania,Suburban,11.07335503,12.7103424,3.336705446,50.9831,0.198,2.72438,0.40897,566.8
42-063-0004-42602-1,40.56333,-78.919972,Pennsylvania,Rural,5.476218233,9.160073495,4.635556221,0,0.304,1.24328,0,317.2
42-069-2006-42602-1,41.442778,-75.623056,Pennsylvania,Suburban,10.39508724,12.13578403,4.284249783,39.233,0.257,0.09936,0.22045,203
42-071-0007-42602-1,40.046667,-76.283333,Pennsylvania,Suburban,12.95004048,13.4387561,6.945708752,40.3062,0.091,3.3404,0.22182,76
42-073-0015-42602-1,40.995848,-80.346442,Pennsylvania,Suburban,15.63719266,12.62609483,4.868793011,38.912,0.243,3.77284,0.02966,484.5
42-077-0004-42602-1,40.611944,-75.4325,Pennsylvania,Suburban,11.71536319,11.43724072,7.550597191,31.438,0.093,0,0,129.2
42-079-1101-42602-1,41.265556,-75.846389,Pennsylvania,Suburban,10.60403151,11.54066387,3.671141624,48.828,0.183,0,0.17964,207.8
42-091-0013-42602-1,40.112222,-75.309167,Pennsylvania,Suburban,14.47344973,14.48285142,10.43264008,40.7648,0.052,0,0.19823,67.6
42-095-0025-42602-1,40.628056,-75.341111,Pennsylvania,Suburban,12.34107903,12.10725826,7.673603058,38.3944,0.091,0,0,119.7
42-099-0301-42602-1,40.456944,-77.165556,Pennsylvania,Rural,3.345724032,7.732161093,4.073549271,0.34,0.219,0,0.03717,176.5
42-101-0004-42602-3,40.008889,-75.097778,Pennsylvania,Urban And Center City,20.72448624,19.81028383,13.80191517,64.3167,0.023,3.50782,0.25165,67.5
42-125-0005-42602-1,40.146667,-79.902222,Pennsylvania,Suburban,12.95750286,12.6038216,6.328440189,29.0551,0.244,2.79763,0,366.9
42-125-0200-42602-1,40.170556,-80.261389,Pennsylvania,Suburban,12.35911535,15.37739497,5.262301922,54.6263,0.304,0,0.56232,401.9
42-125-5001-42602-1,40.445278,-80.420833,Pennsylvania,Rural,5.580559575,10.78244292,6.509560108,4.3082,0.304,0,0.15066,439.1
42-129-0008-42602-1,40.304694,-79.505667,Pennsylvania,Suburban,11.28313394,12.35424741,6.399953365,21.5842,0.304,1.50608,0.01435,347.5
42-133-0008-42602-1,39.965278,-76.699444,Pennsylvania,Suburban,15.55828292,15.20637727,8.296843529,53.5101,0.137,0,0.28942,89.1
44-007-0012-42602-1,41.825556,-71.405278,Rhode Island,Urban And Center City,15.18352113,17.50420059,6.262434483,77.8552,0.03,6.8501,0.53461,3.4
45-003-0003-42602-2,33.342226,-81.788731,South Carolina,Suburban,3.375619311,5.964791136,1.381686926,9.7126,0.097,2.64718,0,155.6
45-011-0001-42602-2,33.320344,-81.465537,South Carolina,Rural,2.478909719,4.079215189,0.650277615,0,0.074,0,0.17695,131.2
45-019-0003-42602-2,32.882289,-79.977538,South Carolina,Urban And Center City,9.059472885,10.53299293,4.301615238,41.7565,0.008,1.27087,0.34677,15.5
45-019-0046-42602-1,32.941023,-79.657187,South Carolina,Rural,2.023582053,3.354645688,0.882697105,0,0,0,0.09786,0
45-045-0008-42602-1,34.838814,-82.402918,South Carolina,Urban And Center City,12.69931991,14.63358044,3.168937922,57.4804,0.294,3.18152,0.42561,359.1
45-045-0009-42602-1,34.899141,-82.31307,South Carolina,Suburban,9.917447104,11.32479719,2.87153697,39.6059,0.293,0,0.21657,361.9
45-079-0007-42602-1,34.093959,-80.962304,South Carolina,Suburban,11.81171694,7.772516377,3.057230711,20.8452,0.104,1.45927,0,210.2
45-079-0021-42602-1,33.81468,-80.781135,South Carolina,Rural,2.310875971,4.124838914,1.384692192,0,0.03,0,0.19351,167.5
46-033-0132-42602-3,43.5578,-103.4839,South Dakota,Rural,0.941135654,2.594796018,-1.202339053,0,0.304,0,0,2033.2
46-071-0001-42602-3,43.74561,-101.941218,South Dakota,Rural,1.148983407,3.920018964,-1.023019075,3.2533,0.304,1.45294,0.19665,2100.7
46-099-0007-42602-3,43.537626,-96.682001,South Dakota,Urban And Center City,5.329789804,8.987204604,0.315696716,55.2828,0.304,0,0.15843,1910.1
47-011-0102-42602-1,35.283164,-84.759371,Tennessee,Urban And Center City,10.83194192,7.232207912,2.672349691,1.2619,0.22,1.59433,0.17711,574.9
47-037-0011-42602-1,36.205,-86.744722,Tennessee,Urban And Center City,17.08444806,12.04852663,5.281549931,46.5432,0.154,1.29696,0.20627,730.3
47-063-0003-42602-1,36.307778,-83.134472,Tennessee,Rural,4.409041981,7.448393674,2.310991764,3.9019,0.304,1.00138,0,574.3
47-075-0003-42602-2,35.481744,-89.171163,Tennessee,Rural,2.097290093,3.563427581,1.171465635,0,0.091,0,0,632.1
47-107-0101-42602-1,35.29733,-84.75076,Tennessee,Suburban,12.39462352,8.279883184,2.653177023,16.2428,0.213,2.5852,0.02211,575.5
47-163-0007-42602-1,36.534804,-82.517078,Tennessee,Suburban,11.6822443,14.55100398,6.423261166,44.866,0.304,1.27326,0.19516,557.9
48-029-0046-42602-1,29.426944,-98.486389,Texas,Urban And Center City,14.75888681,17.93216203,6.006131172,86.6537,0.202,0,0.63734,220.8
48-029-0052-42602-1,29.632089,-98.564939,Texas,Rural,4.181785967,8.299112027,2.798532963,5.2458,0.304,1.00446,0,242.1
48-029-0059-42602-1,29.275387,-98.311666,Texas,Suburban,4.649578652,7.155362199,2.079445601,4.1207,0.144,2.24168,0.28703,193.3
48-039-1004-42602-1,29.520427,-95.392522,Texas,Urban And Center City,7.062056509,7.429266927,5.982572556,5.9951,0.019,0,0,35.4
48-039-1016-42602-1,29.04376,-95.472955,Texas,Suburban,3.661819078,6.17127708,3.333222866,11.6078,0.004,1.02925,0,14.6
48-113-0069-42602-2,32.819952,-96.860082,Texas,Urban And Center City,15.74231164,15.32440213,8.897623062,61.7775,0.127,0,0.1182,455.8
48-113-0075-42602-1,32.919197,-96.808495,Texas,Urban And Center City,10.4608614,15.48125024,8.33749485,54.2427,0.196,2.57101,0,465
48-113-0087-42602-1,32.6766,-96.8716,Texas,Suburban,11.24905981,12.26874308,6.725470066,29.1171,0.198,2.69205,0,439.6
48-121-0034-42602-1,33.19447,-97.19357,Texas,Rural,9.077573055,7.435915954,3.882866383,2.3266,0.184,0,0.19785,517.1
48-139-0015-42602-2,32.436944,-97.025,Texas,Suburban,5.559104302,8.518056055,4.054890156,2.4461,0.259,0,0.19995,421.3
48-139-0016-42602-1,32.482222,-97.026944,Texas,Suburban,9.994480329,8.649251644,4.356372356,7.5113,0.198,0.54308,0.19991,426.6
48-141-0037-42602-1,31.768281,-106.501253,Texas,Urban And Center City,15.96397677,11.19823445,3.992201567,22.0425,0.304,1.22841,0.36644,669.1
48-141-0044-42602-1,31.765674,-106.455225,Texas,Urban And Center City,18.50853935,15.0798225,4.588748932,41.8785,0.304,7.20447,0.34853,672.4
48-141-0055-42602-1,31.746758,-106.402788,Texas,Urban And Center City,15.74465649,14.20115645,5.196612358,46.2428,0.304,3.13801,0.18921,674
48-141-0057-42602-1,31.662189,-106.303079,Texas,Suburban,13.98802102,10.59509701,1.890290976,33.1746,0.304,1.20164,0.35766,674.1
48-141-0058-42602-1,31.893928,-106.425813,Texas,Urban And Center City,8.818033813,9.30088038,1.693444967,29.2666,0.304,1.87764,0,687
48-167-0014-42602-1,29.263319,-94.856568,Texas,Urban And Center City,4.220068957,8.059435273,3.68374157,31.0272,0.001,0,0.11044,1.1
48-183-0001-42602-1,32.37871,-94.711834,Texas,Rural,6.821798493,7.709956992,3.533216715,15.3521,0.111,0,0.1983,323.6
48-201-0024-42602-1,29.901111,-95.326111,Texas,Suburban,13.76564966,12.74055633,9.618889809,36.1613,0.021,0,0.04073,46.8
48-201-0026-42602-2,29.8025,-95.125556,Texas,Suburban,11.62258141,13.19772108,10.88194752,24.9307,0.01,0,0.25218,21.2
48-201-0029-42602-1,30.039444,-95.673889,Texas,Urban And Center City,6.367239102,7.417981439,4.059020042,4.711,0.054,0,0.4096,89.2
48-201-0047-42602-1,29.834722,-95.489167,Texas,Suburban,16.37371134,15.1923139,8.935102463,48.0361,0.025,3.23753,0.36516,57.7
48-201-0055-42602-1,29.695737,-95.499236,Texas,Urban And Center City,10.88855382,14.53407528,9.242775917,57.2046,0.02,1.32139,0,50.4
48-201-0075-42602-1,29.752778,-95.350278,Texas,Urban And Center City,14.90087388,21.21186714,13.37393761,94.1683,0.013,0.4057,0.31807,39.3
48-201-1015-42602-1,29.764604,-95.077997,Texas,Suburban,13.55022831,11.35171628,10.9142828,6.7978,0.001,0.35799,0.1312,14.1
48-201-1034-42602-1,29.767994,-95.220576,Texas,Urban And Center City,16.07083432,17.50253482,13.20004559,47.5565,0.008,0,0.51367,27.8
48-201-1035-42602-1,29.733713,-95.257591,Texas,Suburban,13.3699588,19.85720084,14.35112476,57.0201,0.009,2.59317,0.48623,29.5
48-201-1039-42602-1,29.670046,-95.128485,Texas,Suburban,8.649209012,14.96517956,10.9824934,45.7087,0.01,0.65701,0.15167,13.4
48-201-1050-42602-1,29.583032,-95.015535,Texas,Suburban,5.845893311,8.887115221,6.231332302,13.9418,0.004,0,0.25813,1.7
48-203-0002-42602-1,32.669004,-94.167449,Texas,Rural,4.342621015,5.165912533,0.794733763,0,0.089,1.77052,0.36473,349.1
48-231-1006-42602-1,33.153115,-96.115518,Texas,Suburban,5.804219708,8.505337639,1.35811615,22.2673,0.162,1.59716,0.51069,463.1
48-245-0009-42602-1,30.036446,-94.071073,Texas,Suburban,8.712805329,12.89551614,6.906899452,39.1576,0.006,2.49125,0.47763,23.8
48-245-0022-42602-1,29.863961,-94.317781,Texas,Suburban,4.763636364,5.431112708,2.04345274,10.7558,0.004,0,0.211,33.9
48-257-0005-42602-1,32.564969,-96.31766,Texas,Suburban,4.186874702,5.690915271,1.520825624,6.686,0.128,2.06491,0,400
48-339-0078-42602-1,30.350317,-95.425134,Texas,Urban And Center City,6.554274962,8.231402734,2.631240368,31.7553,0.075,0,0.16668,97.6
48-361-1001-42602-1,30.08526,-93.761345,Texas,Urban And Center City,7.762234243,7.812131997,3.343643188,28.0881,0.003,0,0.19433,10.8
48-423-0007-42602-1,32.343988,-95.415765,Texas,Rural,4.159892548,5.694125338,1.175652981,6.7608,0.154,0,0.18214,339.2
48-439-1002-42602-1,32.80582,-97.35657,Texas,Urban And Center City,14.07434334,14.34074242,5.840684891,49.2336,0.184,4.27645,0.25398,481.8
48-439-3009-42602-1,32.98425,-97.06367,Texas,Urban And Center City,9.457459345,10.76593033,6.250785351,6.1507,0.175,2.99893,0.3577,485.5
48-439-3011-42602-1,32.65638,-97.08858,Texas,Suburban,10.37062268,11.72027947,6.014732361,27.4645,0.179,3.28852,0.05133,449.8
48-453-0020-42602-1,30.483175,-97.87231,Texas,Rural,3.53359064,7.430126431,1.715549946,1.1599,0.304,0,0.20778,261.9
49-005-0004-42602-1,41.731111,-111.8375,Utah,Urban And Center City,13.1986631,9.781861581,0.178264737,41.6059,0.304,2.29443,0.38052,1275.7
49-011-0004-42602-1,40.902967,-111.884467,Utah,Suburban,18.00365739,12.55110237,5.374241352,42.2342,0.304,1.0363,0.1273,1212.1
49-035-0003-42602-1,40.646667,-111.849722,Utah,Suburban,20.36177933,16.81454273,9.842293739,52.6417,0.304,2.57802,0.00719,1184.9
49-035-3006-42602-1,40.736389,-111.872222,Utah,Suburban,21.97085568,18.35051632,9.151265144,70.7879,0.304,1.58281,0.29046,1193.7
49-049-0002-42602-1,40.253611,-111.663056,Utah,Urban And Center City,20.30118855,13.06228735,3.542649746,59.1685,0.304,3.27001,0,1154
49-057-0002-42602-1,41.206389,-111.974722,Utah,Urban And Center City,21.0096949,12.95422955,3.039849997,53.2674,0.304,3.96065,0.22517,1231.2
50-007-0014-42602-1,44.4762,-73.2106,Vermont,Urban And Center City,10.96511941,9.191151111,0.553090632,50.1138,0.068,5.09904,0.06148,343
50-021-0002-42602-1,43.608056,-72.982778,Vermont,Urban And Center City,10.09579001,9.965439417,0.541231096,48.0387,0.174,2.84496,0.19432,261.2
51-013-0020-42602-1,38.8575,-77.059167,Virginia,Urban And Center City,17.69807692,17.37410956,10.99103069,60.7376,0.027,0.35651,0.52304,33.8
51-036-0002-42602-1,37.343294,-77.260034,Virginia,Suburban,9.799291199,8.047178587,6.094297886,4.3199,0.03,0,0.19902,38.7
51-059-0005-42602-1,38.893889,-77.465278,Virginia,Rural,7.480481189,9.080589611,5.875231743,18.9768,0.076,0,0,43.4
51-059-1005-42602-1,38.837517,-77.163231,Virginia,Suburban,14.79273154,14.29291706,9.649199486,35.1463,0.106,1.88847,0.0682,26.8
51-059-5001-42602-1,38.931944,-77.198889,Virginia,Suburban,14.45075359,14.85167211,9.074095726,39.213,0.106,3.79,0.09062,39.9
51-107-1005-42602-1,39.024444,-77.49,Virginia,Suburban,13.39421651,9.189677116,5.60478878,15.0815,0.088,1.10433,0.06605,60.4
51-153-0009-42602-1,38.855278,-77.635556,Virginia,Suburban,6.871654004,7.666554503,4.348576546,4.7901,0.115,1.55569,0,53.6
51-161-1004-42602-1,37.285556,-79.884167,Virginia,Suburban,12.37872291,9.735160713,2.981906652,24.1077,0.304,0,0.03454,324.3
51-165-0003-42602-1,38.47732,-78.81904,Virginia,Suburban,11.72514459,9.30238912,1.885135412,20.91,0.304,1.50667,0.03037,166.3
51-510-0009-42602-3,38.810833,-77.044722,Virginia,Urban And Center City,19.64145213,17.8536712,10.63144684,64.1178,0.001,4.03537,0.38662,29
51-760-0024-42602-1,37.562778,-77.465278,Virginia,Urban And Center City,16.32677983,14.75721708,6.37730217,74.0646,0.061,2.70792,0,73.6
53-057-0018-42602-1,48.460101,-122.51911,Washington,Suburban,6.488699557,5.091051342,2.297117472,4.8909,0.001,1.86825,0,0.8
55-079-0026-42602-1,43.061111,-87.9125,Wisconsin,Urban And Center City,14.85224892,14.76962458,6.613081455,73.1516,0.213,0,0.19093,1353.1
56-005-0123-42602-1,44.672055,-105.290289,Wyoming,Rural,1.837198068,2.829122578,-1.035442233,0,0.304,0,0,1934.5
56-005-0456-42602-1,44.146964,-105.529994,Wyoming,Rural,3.080214659,2.924486509,-0.911304653,0,0.304,0,0,1929.3
56-005-0892-42602-1,44.098889,-105.342778,Wyoming,Rural,7.64514661,3.205602445,-0.63829577,1.2893,0.304,0,0,1951.1
56-035-0098-42602-1,42.429353,-109.695747,Wyoming,Rural,11.24793586,3.37831121,-1.136800051,1.8889,0.304,0,0,1535.9
56-035-0099-42602-1,42.720594,-109.752875,Wyoming,Rural,2.267546421,3.1265213,-1.47872436,2,0.304,0,0,1549
56-035-0100-42602-1,42.792631,-110.055814,Wyoming,Rural,0.309109997,3.026819404,-1.717593551,0,0.304,0.6999,0,1523.2
56-037-0200-42602-1,41.677953,-108.067687,Wyoming,Rural,6.677377334,3.631615323,-0.561111093,0,0.304,0,0,1536
